Tournament link,Base url,Crawl date,Tournament id,Processed
https://www.tanzsport.de/files/tanzsport/ergebnisse/2019/3le-sen1sstd/index.htm,https://www.tanzsport.de/de/sportwelt/ergebnisse,2023-07-20,9,0
https://ergebnisse.dancecomp.de/2022/28-0207_wdsfopenstdsen3/index.htm,https://www.tanzsport.de/de/sportwelt/ergebnisse,2023-07-20,10,0
https://www.tanzsport.de/files/tanzsport/ergebnisse/2022/dm_hgrsstd/index.htm,https://www.tanzsport.de/de/sportwelt/ergebnisse,2023-07-20,11,0
https://www.tanzsport.de/files/tanzsport/ergebnisse/2019/glinde-sen3sstd/index.htm,https://www.tanzsport.de/de/sportwelt/ergebnisse,2023-07-20,12,0
https://www.gruen-weiss-aachen.de/files/ergebnisse/2023/2023-06-3le/3-1706_rl_hgrslat/index.htm,https://www.tanzsport.de/de/sportwelt/ergebnisse,2023-07-20,13,0
https://www.tanzsport.de/files/tanzsport/ergebnisse/2019/g55-2/index.htm,https://www.tanzsport.de/de/sportwelt/ergebnisse,2023-07-20,14,0
https://www.tanzsport.de/files/tanzsport/ergebnisse/2019/l66-4/index.htm,https://www.tanzsport.de/de/sportwelt/ergebnisse,2023-07-20,15,0
https://berlin-dance-festival.de/files/bdf/results/2023/5-0104_wdsfopenstdjun2/index.htm,https://www.tanzsport.de/de/sportwelt/ergebnisse,2023-07-20,16,0
https://www.tanzsport.de/files/tanzsport/ergebnisse/2020/02-22.Deutsche.Meisterschaft.Junioren.II.B.Latein/index.htm,https://www.tanzsport.de/de/sportwelt/ergebnisse,2023-07-20,17,0
https://www.tanzsport.de/files/tanzsport/ergebnisse/2019/dpsen3slat/index.htm,https://www.tanzsport.de/de/sportwelt/ergebnisse,2023-07-20,18,0
https://www.tanzsport.de/files/tanzsport/ergebnisse/2023/dm_mas1skombi/index.htm,https://www.tanzsport.de/de/sportwelt/ergebnisse,2023-07-20,19,0
https://www.tanzsport.de/files/tanzsport/ergebnisse/2019/om-jun2bstd/index.htm,https://www.tanzsport.de/de/sportwelt/ergebnisse,2023-07-20,20,0
https://ltvb.de/wp-content/uploads/results/13347/0-rl_mas3sstd/index.htm,https://www.tanzsport.de/de/sportwelt/ergebnisse,2023-07-20,21,0
https://www.tanzsport.de/files/tanzsport/ergebnisse/2019/dpsen2kombi/index.htm,https://www.tanzsport.de/de/sportwelt/ergebnisse,2023-07-20,22,0
https://ergebnisse.dancecomp.de/2022/71-0307_wdsfopenstdsen1/index.htm,https://www.tanzsport.de/de/sportwelt/ergebnisse,2023-07-20,23,0
https://www.tanzsport.de/files/tanzsport/ergebnisse/2023/dm_mas4sstd/index.htm,https://www.tanzsport.de/de/sportwelt/ergebnisse,2023-07-20,24,0
https://www.hessen-tanzt.de/media/ht2023/53-1305_wdsfintopenstd/index.htm,https://www.tanzsport.de/de/sportwelt/ergebnisse,2023-07-20,25,0
https://www.tanzsport.de/files/tanzsport/ergebnisse/2022/dm_hrgskombi/index.htm,https://www.tanzsport.de/de/sportwelt/ergebnisse,2023-07-20,26,0
https://www.hessen-tanzt.de/media/ht2023/67-1405_wdsfopenstdyouth/index.htm,https://www.tanzsport.de/de/sportwelt/ergebnisse,2023-07-20,27,0
https://www.tanzsport.de/files/tanzsport/ergebnisse/2019/dmjugalat/index.htm,https://www.tanzsport.de/de/sportwelt/ergebnisse,2023-07-20,28,0
https://www.tanzsport.de/files/tanzsport/ergebnisse/2019/dmjun2bkombi/index.htm,https://www.tanzsport.de/de/sportwelt/ergebnisse,2023-07-20,29,0
https://www.tanzsport.de/files/tanzsport/ergebnisse/2021/dm_hgrsstd/index.htm,https://www.tanzsport.de/de/sportwelt/ergebnisse,2023-07-20,30,0
https://www.tanzsport.de/files/tanzsport/ergebnisse/2021/dp_hgr2slat/index.htm,https://www.tanzsport.de/de/sportwelt/ergebnisse,2023-07-20,31,0
https://www.tanzsport.de/files/tanzsport/ergebnisse/2019/GOC-WDSF.Open.Senior.III.Standard/index.htm,https://www.tanzsport.de/de/sportwelt/ergebnisse,2023-07-20,32,0
https://ltv-berlin.de/files/ltv/ergebnisse/2022/01-03_04_bdf/8-0304_rl_jun2bstd/index.htm,https://www.tanzsport.de/de/sportwelt/ergebnisse,2023-07-20,33,0
https://www.tanzsport.de/files/tanzsport/ergebnisse/2019/dmjun2bstd/index.htm,https://www.tanzsport.de/de/sportwelt/ergebnisse,2023-07-20,34,0
https://www.hessen-tanzt.de/media/ht2022/47-1505_wdsfopenlatjun2/index.htm,https://www.tanzsport.de/de/sportwelt/ergebnisse,2023-07-20,35,0
https://www.tanzsport.de/files/tanzsport/ergebnisse/2023/ls66_230409/index.htm,https://www.tanzsport.de/de/sportwelt/ergebnisse,2023-07-20,36,0
https://www.tanzsport.de/files/tanzsport/ergebnisse/2019/duesseldorf-hgrslat/index.htm,https://www.tanzsport.de/de/sportwelt/ergebnisse,2023-07-20,37,0
https://www.tanzsport.de/files/tanzsport/ergebnisse/2023/dm_hgrskombi/index.htm,https://www.tanzsport.de/de/sportwelt/ergebnisse,2023-07-20,38,0
https://www.tanzsport.de/files/tanzsport/ergebnisse/2022/dp_hgr2sstd/index.htm,https://www.tanzsport.de/de/sportwelt/ergebnisse,2023-07-20,39,0
https://www.tanzsport.de/files/tanzsport/ergebnisse/2023/dm_mas2sstd/index.htm,https://www.tanzsport.de/de/sportwelt/ergebnisse,2023-07-20,40,0
https://www.gruen-weiss-aachen.de/files/ergebnisse/2023/2023-06-3le/2-1706_rl_mas2sstd/index.htm,https://www.tanzsport.de/de/sportwelt/ergebnisse,2023-07-20,41,0
https://www.tanzsport.de/files/tanzsport/ergebnisse/2019/dpsen3kombi/index.htm,https://www.tanzsport.de/de/sportwelt/ergebnisse,2023-07-20,42,0
https://hatv.de/wrapper/2023/RL_Glinde_2023/2-2201_rl_mas3sstd/index.htm,https://www.tanzsport.de/de/sportwelt/ergebnisse,2023-07-20,43,0
https://www.tanzsport.de/files/tanzsport/ergebnisse/2019/05-18.WDSF.Open.Senior.II.Standard/index.htm,https://www.tanzsport.de/de/sportwelt/ergebnisse,2023-07-20,44,0
https://ergebnisse.ggcbremen.de/2022-06-03.DSF/62-0406_wdsfopenlatyouth/index.htm,https://www.tanzsport.de/de/sportwelt/ergebnisse,2023-07-20,45,0
https://www.tanzsport.de/files/tanzsport/ergebnisse/2022/dc_under21lat/index.htm,https://www.tanzsport.de/de/sportwelt/ergebnisse,2023-07-20,46,0
https://www.tanzsport.de/files/tanzsport/ergebnisse/2019/om-jun2blat/index.htm,https://www.tanzsport.de/de/sportwelt/ergebnisse,2023-07-20,47,0
https://www.tanzsport.de/files/tanzsport/ergebnisse/2022/dm_sen2sstd/index.htm,https://www.tanzsport.de/de/sportwelt/ergebnisse,2023-07-20,48,0
https://www.tanzsport.de/files/tanzsport/ergebnisse/2019/l66-2/index.htm,https://www.tanzsport.de/de/sportwelt/ergebnisse,2023-07-20,49,0
https://berlin-dance-festival.de/files/bdf/results/2023/8-0104_wdsfopenlatyouth/index.htm,https://www.tanzsport.de/de/sportwelt/ergebnisse,2023-07-20,50,0
https://www.tanzsport.de/files/tanzsport/ergebnisse/2019/g55-4/index.htm,https://www.tanzsport.de/de/sportwelt/ergebnisse,2023-07-20,51,0
https://www.tanzsport.de/files/tanzsport/ergebnisse/2023/dm_jugalat/index.htm,https://www.tanzsport.de/de/sportwelt/ergebnisse,2023-07-20,52,0
https://www.tanzsport.de/files/tanzsport/ergebnisse/2019/dmsen1kombi/index.htm,https://www.tanzsport.de/de/sportwelt/ergebnisse,2023-07-20,53,0
https://ergebnisse.dancecomp.de/2023/33-0107_wdsfopenstdsen3/index.htm,https://www.tanzsport.de/de/sportwelt/ergebnisse,2023-07-20,54,0
https://www.tanzsport.de/files/tanzsport/ergebnisse/2021/dp_sen3kombi/index.htm,https://www.tanzsport.de/de/sportwelt/ergebnisse,2023-07-20,55,0
https://ltv-berlin.de/files/ltv/ergebnisse/2022/01-03_04_bdf/6-0304_rl_jugalat/index.htm,https://www.tanzsport.de/de/sportwelt/ergebnisse,2023-07-20,56,0
https://www.tanzsport.de/files/tanzsport/ergebnisse/2019/dmjun2blat/index.htm,https://www.tanzsport.de/de/sportwelt/ergebnisse,2023-07-20,57,0
https://www.tanzsport.de/files/tanzsport/ergebnisse/2020/01-19.DTV-Ranglistenturnier.Senioren.III.Standard/index.htm,https://www.tanzsport.de/de/sportwelt/ergebnisse,2023-07-20,58,0
https://www.tanzsport.de/files/tanzsport/ergebnisse/2019/om-jugastd/index.htm,https://www.tanzsport.de/de/sportwelt/ergebnisse,2023-07-20,59,0
https://www.gruen-weiss-aachen.de/files/ergebnisse/3le-2022/19-1806_rl_hgrslat/index.htm,https://www.tanzsport.de/de/sportwelt/ergebnisse,2023-07-20,60,0
https://www.tanzsport.de/files/tanzsport/ergebnisse/2022/dc_hgralat/index.htm,https://www.tanzsport.de/de/sportwelt/ergebnisse,2023-07-20,61,0
https://ergebnisse.ggcbremen.de/2023-06-02.Dance.Sport.Festival/48-0406_wdsfopenstdjun2/index.htm,https://www.tanzsport.de/de/sportwelt/ergebnisse,2023-07-20,62,0
https://ergebnisse.tnw.de/vereine/912/2023-02-25/0-2502_rl_hgrsstd/index.htm,https://www.tanzsport.de/de/sportwelt/ergebnisse,2023-07-20,63,0
https://www.tanzsport.de/files/tanzsport/ergebnisse/2023/dm_mas1slat/index.htm,https://www.tanzsport.de/de/sportwelt/ergebnisse,2023-07-20,64,0
https://www.tanzsport.de/files/tanzsport/ergebnisse/2021/dc_under21std/index.htm,https://www.tanzsport.de/de/sportwelt/ergebnisse,2023-07-20,65,0
https://www.hessen-tanzt.de/media/ht2023/43-1305_wdsfopenstdjun2/index.htm,https://www.tanzsport.de/de/sportwelt/ergebnisse,2023-07-20,66,0
https://www.tanzsport.de/files/tanzsport/ergebnisse/2021/dm_sen1sstd/index.htm,https://www.tanzsport.de/de/sportwelt/ergebnisse,2023-07-20,67,0
https://www.tanzsport.de/files/tanzsport/ergebnisse/2019/dmhgrsstd/index.htm,https://www.tanzsport.de/de/sportwelt/ergebnisse,2023-07-20,68,0
https://www.tanzsport.de/files/tanzsport/ergebnisse/2019/GOC-WDSF.GrandSlam.Standard/index.htm,https://www.tanzsport.de/de/sportwelt/ergebnisse,2023-07-20,69,0
https://www.hessen-tanzt.de/media/ht2022/52-1505_wdsfintopenlat/index.htm,https://www.tanzsport.de/de/sportwelt/ergebnisse,2023-07-20,70,0
https://www.tanzsport.de/files/tanzsport/ergebnisse/2019/duesseldorf-sen2sstd/index.htm,https://www.tanzsport.de/de/sportwelt/ergebnisse,2023-07-20,71,0
https://www.tanzsport.de/files/tanzsport/ergebnisse/2020/01-18.DTV-Ranglistenturnier.Senioren.II.Standard/index.htm,https://www.tanzsport.de/de/sportwelt/ergebnisse,2023-07-20,72,0
https://ergebnisse.tnw.de/vereine/912/2023-02-25/1-2502_rl_mas2sstd/index.htm,https://www.tanzsport.de/de/sportwelt/ergebnisse,2023-07-20,73,0
https://www.tanzsport.de/files/tanzsport/ergebnisse/2021/1010_rl_sen1sstd/index.htm,https://www.tanzsport.de/de/sportwelt/ergebnisse,2023-07-20,74,0
https://www.tanzsport.de/files/tanzsport/ergebnisse/2021/dm_sen1kombi/index.htm,https://www.tanzsport.de/de/sportwelt/ergebnisse,2023-07-20,75,0
https://www.tanzsport.de/files/tanzsport/ergebnisse/2019/ht-hgrsstd/index.htm,https://www.tanzsport.de/de/sportwelt/ergebnisse,2023-07-20,76,0
https://www.tanzsport.de/files/tanzsport/ergebnisse/2022/dm_jugalat/index.htm,https://www.tanzsport.de/de/sportwelt/ergebnisse,2023-07-20,77,0
https://www.tanzsport.de/files/tanzsport/ergebnisse/2020/02-22.Deutschlandpokal.Junioren.I.B.Latein/index.htm,https://www.tanzsport.de/de/sportwelt/ergebnisse,2023-07-20,78,0
https://www.tanzsport.de/files/tanzsport/ergebnisse/2021/dm_sen2sstd/index.htm,https://www.tanzsport.de/de/sportwelt/ergebnisse,2023-07-20,79,0
https://ergebnisse.ggcbremen.de/2022-06-03.DSF/94-0506_wdsfopenstdyouth/index.htm,https://www.tanzsport.de/de/sportwelt/ergebnisse,2023-07-20,80,0
https://www.tanzsport.de/files/tanzsport/ergebnisse/2019/l66-5/index.htm,https://www.tanzsport.de/de/sportwelt/ergebnisse,2023-07-20,81,0
https://www.tanzsport.de/files/tanzsport/ergebnisse/2022/dm_jugakombi/index.htm,https://www.tanzsport.de/de/sportwelt/ergebnisse,2023-07-20,82,0
https://www.tanzsport.de/files/tanzsport/ergebnisse/2019/GOC-Junior.II.Open.Standard/index.htm,https://www.tanzsport.de/de/sportwelt/ergebnisse,2023-07-20,83,0
https://www.tanzsport.de/files/tanzsport/ergebnisse/2021/dp_kinclat/index.htm,https://www.tanzsport.de/de/sportwelt/ergebnisse,2023-07-20,84,0
https://www.tanzsport.de/files/tanzsport/ergebnisse/2023/dc_hgralat/index.htm,https://www.tanzsport.de/de/sportwelt/ergebnisse,2023-07-20,85,0
https://www.tanzsport.de/files/tanzsport/ergebnisse/2021/dp_hgr2sstd/index.htm,https://www.tanzsport.de/de/sportwelt/ergebnisse,2023-07-20,86,0
https://www.tanzsport.de/files/tanzsport/ergebnisse/2019/glinde-sen2sstd/index.htm,https://www.tanzsport.de/de/sportwelt/ergebnisse,2023-07-20,87,0
https://ergebnisse.dancecomp.de/2023/4-3006_wdsfopenstdsen2/index.htm,https://www.tanzsport.de/de/sportwelt/ergebnisse,2023-07-20,88,0
https://ergebnisse.ggcbremen.de/2023-06-02.Dance.Sport.Festival/59-0406_wdsfopenlatjun2/index.htm,https://www.tanzsport.de/de/sportwelt/ergebnisse,2023-07-20,89,0
https://berlin-dance-festival.de/files/bdf/results/2023/11-0204_wdsfopenlatjun2/index.htm,https://www.tanzsport.de/de/sportwelt/ergebnisse,2023-07-20,90,0
https://www.tanzsport.de/files/tanzsport/ergebnisse/2023/dm_kinclat/index.htm,https://www.tanzsport.de/de/sportwelt/ergebnisse,2023-07-20,91,0
https://www.tanzsport.de/files/tanzsport/ergebnisse/2019/GOC-WDSF.Open.Youth.Latin/index.htm,https://www.tanzsport.de/de/sportwelt/ergebnisse,2023-07-20,92,0
https://www.tanzsport.de/files/tanzsport/ergebnisse/2023/dm_mas2slat/index.htm,https://www.tanzsport.de/de/sportwelt/ergebnisse,2023-07-20,93,0
https://www.tanzsport.de/files/tanzsport/ergebnisse/2022/dm_jun2kombi/index.htm,https://www.tanzsport.de/de/sportwelt/ergebnisse,2023-07-20,94,0
https://ergebnisse.ggcbremen.de/2023-06-02.Dance.Sport.Festival/49-0406_wdsfopenstdyouth/index.htm,https://www.tanzsport.de/de/sportwelt/ergebnisse,2023-07-20,95,0
https://www.tanzsport.de/files/tanzsport/ergebnisse/2021/0910_rl_hgrslat/index.htm,https://www.tanzsport.de/de/sportwelt/ergebnisse,2023-07-20,96,0
https://www.tanzsport.de/files/tanzsport/ergebnisse/2020/02-15.DTV-Ranglistenturnier.Hauptgruppe.Standard/index.htm,https://www.tanzsport.de/de/sportwelt/ergebnisse,2023-07-20,97,0
https://www.tanzsport.de/files/tanzsport/ergebnisse/2022/dp_sen3skombi/index.htm,https://www.tanzsport.de/de/sportwelt/ergebnisse,2023-07-20,98,0
https://ergebnisse.ggcbremen.de/2022-06-03.DSF/59-0406_wdsfopenstdjun2/index.htm,https://www.tanzsport.de/de/sportwelt/ergebnisse,2023-07-20,99,0
https://ltvb.de/wp-content/uploads/results/13347/1-rl_hgrsstd/index.htm,https://www.tanzsport.de/de/sportwelt/ergebnisse,2023-07-20,100,0
https://www.tanzsport.de/files/tanzsport/ergebnisse/2021/dp_sen3slat/index.htm,https://www.tanzsport.de/de/sportwelt/ergebnisse,2023-07-20,101,0
https://www.tanzsport.de/files/tanzsport/ergebnisse/2022/dp_jun1bstd/index.htm,https://www.tanzsport.de/de/sportwelt/ergebnisse,2023-07-20,102,0
https://www.tanzsport.de/files/tanzsport/ergebnisse/2023/dm_mas3slat/index.htm,https://www.tanzsport.de/de/sportwelt/ergebnisse,2023-07-20,103,0
https://www.tanzsport.de/files/tanzsport/ergebnisse/2021/dp_sen2slat/index.htm,https://www.tanzsport.de/de/sportwelt/ergebnisse,2023-07-20,104,0
https://www.tanzsport.de/files/tanzsport/ergebnisse/2019/duesseldorf-sen1sstd/index.htm,https://www.tanzsport.de/de/sportwelt/ergebnisse,2023-07-20,105,0
https://www.tanzsport.de/files/tanzsport/ergebnisse/2021/l66-2/index.htm,https://www.tanzsport.de/de/sportwelt/ergebnisse,2023-07-20,106,0
https://www.tanzsport.de/files/tanzsport/ergebnisse/2019/dpu21std/index.htm,https://www.tanzsport.de/de/sportwelt/ergebnisse,2023-07-20,107,0
https://ltv-berlin.de/files/ltv/ergebnisse/2022/01-03_04_bdf/0-0104_rl_sen3sstd/index.htm,https://www.tanzsport.de/de/sportwelt/ergebnisse,2023-07-20,108,0
https://www.hessen-tanzt.de/media/ht2023/72-1405_wdsfopenstdsen2/index.htm,https://www.tanzsport.de/de/sportwelt/ergebnisse,2023-07-20,109,0
https://www.tanzsport.de/files/tanzsport/ergebnisse/2019/dmhgrkombi/index.htm,https://www.tanzsport.de/de/sportwelt/ergebnisse,2023-07-20,110,0
https://www.tanzsport.de/files/tanzsport/ergebnisse/2021/l66-3/index.htm,https://www.tanzsport.de/de/sportwelt/ergebnisse,2023-07-20,111,0
https://www.tanzsport.de/files/tanzsport/ergebnisse/2023/dm_jun1blat/index.htm,https://www.tanzsport.de/de/sportwelt/ergebnisse,2023-07-20,112,0
https://ergebnisse.tnw.de/vereine/912/2023-02-25/3-2602_rl_mas1sstd/index.htm,https://www.tanzsport.de/de/sportwelt/ergebnisse,2023-07-20,113,0
https://www.tanzsport.de/files/tanzsport/ergebnisse/2023/dm_jun2blat/index.htm,https://www.tanzsport.de/de/sportwelt/ergebnisse,2023-07-20,114,0
https://www.tanzsport.de/files/tanzsport/ergebnisse/2022/dp_sen3sstd/index.htm,https://www.tanzsport.de/de/sportwelt/ergebnisse,2023-07-20,115,0
https://ergebnisse.dancecomp.de/2022/68-0307_wdsfworldopenstd/index.htm,https://www.tanzsport.de/de/sportwelt/ergebnisse,2023-07-20,116,0
https://www.tanzsport.de/files/tanzsport/ergebnisse/2019/GOC-WDSF.GrandSlam.Latin/index.htm,https://www.tanzsport.de/de/sportwelt/ergebnisse,2023-07-20,117,0
https://hatv.de/wrapper/2023/RL_Glinde_2023/0-2101_rl_mas2sstd/index.htm,https://www.tanzsport.de/de/sportwelt/ergebnisse,2023-07-20,118,0
https://www.tanzsport.de/files/tanzsport/ergebnisse/2023/ls66_230617/index.htm,https://www.tanzsport.de/de/sportwelt/ergebnisse,2023-07-20,119,0
https://ltv-berlin.de/files/ltv/ergebnisse/2022/01-03_04_bdf/5-0204_rl_sen2sstd/index.htm,https://www.tanzsport.de/de/sportwelt/ergebnisse,2023-07-20,120,0
https://www.tanzsport.de/files/tanzsport/ergebnisse/2021/dc_under21lat/index.htm,https://www.tanzsport.de/de/sportwelt/ergebnisse,2023-07-20,121,0
https://www.tanzsport.de/files/tanzsport/ergebnisse/2019/11-23.Deutschlandpokal.Hauptgruppe.II.S.Standard/index.htm,https://www.tanzsport.de/de/sportwelt/ergebnisse,2023-07-20,122,0
https://berlin-dance-festival.de/files/bdf/results/2023/7-0104_wdsfopenstdsen2/index.htm,https://www.tanzsport.de/de/sportwelt/ergebnisse,2023-07-20,123,0
https://ergebnisse.dancecomp.de/2023/48-0107_wdsfworldopenlat/index.htm,https://www.tanzsport.de/de/sportwelt/ergebnisse,2023-07-20,124,0
https://www.tanzsport.de/files/tanzsport/ergebnisse/2021/l66-5/index.htm,https://www.tanzsport.de/de/sportwelt/ergebnisse,2023-07-20,125,0
https://www.tanzsport.de/files/tanzsport/ergebnisse/2022/dp_sen2skombi/index.htm,https://www.tanzsport.de/de/sportwelt/ergebnisse,2023-07-20,126,0
https://www.hessen-tanzt.de/media/ht2023/54-1305_wdsfopenstdsen3/index.htm,https://www.tanzsport.de/de/sportwelt/ergebnisse,2023-07-20,127,0
https://www.tanzsport.de/files/tanzsport/ergebnisse/2019/GOC-WDSF.Open.Youth.Standard/index.htm,https://www.tanzsport.de/de/sportwelt/ergebnisse,2023-07-20,128,0
https://www.tanzsport.de/files/tanzsport/ergebnisse/2019/nuernberg-hgrsstd/index.htm,https://www.tanzsport.de/de/sportwelt/ergebnisse,2023-07-20,129,0
https://www.tanzsport.de/files/tanzsport/ergebnisse/2019/dpjun1blat/index.htm,https://www.tanzsport.de/de/sportwelt/ergebnisse,2023-07-20,130,0
https://ltv-berlin.de/files/ltv/ergebnisse/2022/01-03_04_bdf/2-0204_rl_jugastd/index.htm,https://www.tanzsport.de/de/sportwelt/ergebnisse,2023-07-20,131,0
https://ergebnisse.dancecomp.de/2022/0-0107_wdsfopenstdsen2/index.htm,https://www.tanzsport.de/de/sportwelt/ergebnisse,2023-07-20,132,0
https://www.tanzsport.de/files/tanzsport/ergebnisse/2019/glinde-hgrslat/index.htm,https://www.tanzsport.de/de/sportwelt/ergebnisse,2023-07-20,133,0
https://www.tanzsport.de/files/tanzsport/ergebnisse/2019/05-18.WDSF.Open.Youth.Latin/index.htm,https://www.tanzsport.de/de/sportwelt/ergebnisse,2023-07-20,134,0
https://www.tanzsport.de/files/tanzsport/ergebnisse/2022/dp_kincstd/index.htm,https://www.tanzsport.de/de/sportwelt/ergebnisse,2023-07-20,135,0
https://www.tanzsport.de/files/tanzsport/ergebnisse/2022/dm_jun2bstd/index.htm,https://www.tanzsport.de/de/sportwelt/ergebnisse,2023-07-20,136,0
https://www.tanzsport.de/files/tanzsport/ergebnisse/2019/dmsen1slat/index.htm,https://www.tanzsport.de/de/sportwelt/ergebnisse,2023-07-20,137,0
https://ergebnisse.dancecomp.de/2023/79-0207_wdsfopenstdsen1/index.htm,https://www.tanzsport.de/de/sportwelt/ergebnisse,2023-07-20,138,0
https://ltv-berlin.de/files/ltv/ergebnisse/2022/01-03_04_bdf/1-0204_rl_sen1sstd/index.htm,https://www.tanzsport.de/de/sportwelt/ergebnisse,2023-07-20,139,0
https://www.hessen-tanzt.de/media/ht2023/48-1305_wdsfopenstdsen1/index.htm,https://www.tanzsport.de/de/sportwelt/ergebnisse,2023-07-20,140,0
https://ltvb.de/wp-content/uploads/results/11280/1-rl_hgrsstd/index.htm,https://www.tanzsport.de/de/sportwelt/ergebnisse,2023-07-20,141,0
https://berlin-dance-festival.de/files/bdf/results/2023/3-3103_wdsfopenstdsen1/index.htm,https://www.tanzsport.de/de/sportwelt/ergebnisse,2023-07-20,142,0
https://hatv.de/wrapper/2023/RL_Glinde_2023/1-2101_rl_hgrslat/index.htm,https://www.tanzsport.de/de/sportwelt/ergebnisse,2023-07-20,143,0
https://www.tanzsport.de/files/tanzsport/ergebnisse/2019/05-19.WDSF.Open.Senior.III.Standard/index.htm,https://www.tanzsport.de/de/sportwelt/ergebnisse,2023-07-20,144,0
https://www.tanzsport.de/files/tanzsport/ergebnisse/2023/dm_mas3skombi/index.htm,https://www.tanzsport.de/de/sportwelt/ergebnisse,2023-07-20,145,0
https://ergebnisse.ggcbremen.de/2022-06-03.DSF/97-0506_wdsfopenlatjun2/index.htm,https://www.tanzsport.de/de/sportwelt/ergebnisse,2023-07-20,146,0
https://www.tanzsport.de/files/tanzsport/ergebnisse/2020/01-18.DTV-Ranglistenturnier.Hauptgruppe.Latein/index.htm,https://www.tanzsport.de/de/sportwelt/ergebnisse,2023-07-20,147,0
https://hatv.de/wrapper/2023/RL_Glinde_2023/3-2201_rl_mas1sstd/index.htm,https://www.tanzsport.de/de/sportwelt/ergebnisse,2023-07-20,148,0
https://www.tanzsport.de/files/tanzsport/ergebnisse/2021/1010_rl_hgrsstd/index.htm,https://www.tanzsport.de/de/sportwelt/ergebnisse,2023-07-20,149,0
https://www.tanzsport.de/files/tanzsport/ergebnisse/2022/dm_sen1slat/index.htm,https://www.tanzsport.de/de/sportwelt/ergebnisse,2023-07-20,150,0
https://www.tanzsport.de/files/tanzsport/ergebnisse/2021/dp_kincstd/index.htm,https://www.tanzsport.de/de/sportwelt/ergebnisse,2023-07-20,151,0
https://www.hessen-tanzt.de/media/ht2022/29-1405_wdsfopenstdjun2/index.htm,https://www.tanzsport.de/de/sportwelt/ergebnisse,2023-07-20,152,0
https://www.tanzsport.de/files/tanzsport/ergebnisse/2023/dm_jun2bkombi/index.htm,https://www.tanzsport.de/de/sportwelt/ergebnisse,2023-07-20,153,0
https://www.tanzsport.de/files/tanzsport/ergebnisse/2022/dm_jugastd/index.htm,https://www.tanzsport.de/de/sportwelt/ergebnisse,2023-07-20,154,0
https://www.tanzsport.de/files/tanzsport/ergebnisse/2022/dp_jun1blat/index.htm,https://www.tanzsport.de/de/sportwelt/ergebnisse,2023-07-20,155,0
https://www.tanzsport.de/files/tanzsport/ergebnisse/2019/dchgralat/index.htm,https://www.tanzsport.de/de/sportwelt/ergebnisse,2023-07-20,156,0
https://www.hessen-tanzt.de/media/ht2023/61-1405_wdsfopenlatjun2/index.htm,https://www.tanzsport.de/de/sportwelt/ergebnisse,2023-07-20,157,0
https://www.tanzsport.de/files/tanzsport/ergebnisse/2020/01-19.DTV-Ranglistenturnier.Senioren.I.Standard/index.htm,https://www.tanzsport.de/de/sportwelt/ergebnisse,2023-07-20,158,0
https://www.tanzsport.de/files/tanzsport/ergebnisse/2019/dpsen3sstd/index.htm,https://www.tanzsport.de/de/sportwelt/ergebnisse,2023-07-20,159,0
https://www.tanzsport.de/files/tanzsport/ergebnisse/2023/gl55_230408/index.htm,https://www.tanzsport.de/de/sportwelt/ergebnisse,2023-07-20,160,0
https://www.tanzsport.de/files/tanzsport/ergebnisse/2021/dm_jugastd/index.htm,https://www.tanzsport.de/de/sportwelt/ergebnisse,2023-07-20,161,0
https://turniere.faszination-tanzen.de/LM_Latein_Coswig_2023/24-2801_rl_hgrsstd/index.htm,https://www.tanzsport.de/de/sportwelt/ergebnisse,2023-07-20,162,0
https://www.tanzsport.de/files/tanzsport/ergebnisse/2019/dpu21lat/index.htm,https://www.tanzsport.de/de/sportwelt/ergebnisse,2023-07-20,163,0
https://www.tanzsport.de/files/tanzsport/ergebnisse/2022/dp_sen2slat/index.htm,https://www.tanzsport.de/de/sportwelt/ergebnisse,2023-07-20,164,0
https://www.tanzsport.de/files/tanzsport/ergebnisse/2021/dm_hgrkombi/index.htm,https://www.tanzsport.de/de/sportwelt/ergebnisse,2023-07-20,165,0
https://www.tanzsport.de/files/tanzsport/ergebnisse/2019/05-19.WDSF.Open.Youth.Standard/index.htm,https://www.tanzsport.de/de/sportwelt/ergebnisse,2023-07-20,166,0
https://www.tanzsport.de/files/tanzsport/ergebnisse/2020/10-04.Deutschlandpokal.Hauptgruppe.II.S.Latein/index.htm,https://www.tanzsport.de/de/sportwelt/ergebnisse,2023-07-20,167,0
https://www.tanzsport.de/files/tanzsport/ergebnisse/2021/g55-3/index.htm,https://www.tanzsport.de/de/sportwelt/ergebnisse,2023-07-20,168,0
https://www.tanzsport.de/files/tanzsport/ergebnisse/2022/dm_jun2blat/index.htm,https://www.tanzsport.de/de/sportwelt/ergebnisse,2023-07-20,169,0
https://www.tanzsport.de/files/tanzsport/ergebnisse/2020/02-23.Deutsche.Meisterschaft.Jugend.A.Latein/index.htm,https://www.tanzsport.de/de/sportwelt/ergebnisse,2023-07-20,170,0
https://ltvb.de/wp-content/uploads/results/11280/0-rl_sen3sstd/index.htm,https://www.tanzsport.de/de/sportwelt/ergebnisse,2023-07-20,171,0
https://www.tanzsport.de/files/tanzsport/ergebnisse/2019/11-23.Deutschlandpokal.Hauptgruppe.II.S.Latein/index.htm,https://www.tanzsport.de/de/sportwelt/ergebnisse,2023-07-20,172,0
https://berlin-dance-festival.de/files/bdf/results/2023/13-0204_wdsfintopenlat/index.htm,https://www.tanzsport.de/de/sportwelt/ergebnisse,2023-07-20,173,0
https://www.tanzsport.de/files/tanzsport/ergebnisse/2021/dp_sen2kombi/index.htm,https://www.tanzsport.de/de/sportwelt/ergebnisse,2023-07-20,174,0
https://www.tanzsport.de/files/tanzsport/ergebnisse/2021/dp_sen4sstd/index.htm,https://www.tanzsport.de/de/sportwelt/ergebnisse,2023-07-20,175,0
https://www.tanzsport.de/files/tanzsport/ergebnisse/2019/GOC-Junior.II.Open.Latin/index.htm,https://www.tanzsport.de/de/sportwelt/ergebnisse,2023-07-20,176,0
https://www.tanzsport.de/files/tanzsport/ergebnisse/2022/dc_hgrastd/index.htm,https://www.tanzsport.de/de/sportwelt/ergebnisse,2023-07-20,177,0
https://www.tanzsport.de/files/tanzsport/ergebnisse/2019/05-18.WDSF.Open.Junior.II.Standard/index.htm,https://www.tanzsport.de/de/sportwelt/ergebnisse,2023-07-20,178,0
https://www.tanzsport.de/files/tanzsport/ergebnisse/2019/3le-hgrslat/index.htm,https://www.tanzsport.de/de/sportwelt/ergebnisse,2023-07-20,179,0
https://www.gruen-weiss-aachen.de/files/ergebnisse/3le-2022/18-1806_rl_sen2sstd/index.htm,https://www.tanzsport.de/de/sportwelt/ergebnisse,2023-07-20,180,0
https://www.tanzsport.de/files/tanzsport/ergebnisse/2022/dp_sen3slat/index.htm,https://www.tanzsport.de/de/sportwelt/ergebnisse,2023-07-20,181,0
https://www.hessen-tanzt.de/media/ht2022/39-1405_wdsfintopenstd/index.htm,https://www.tanzsport.de/de/sportwelt/ergebnisse,2023-07-20,182,0
https://www.tanzsport.de/files/tanzsport/ergebnisse/2022/dm_sen1sstd/index.htm,https://www.tanzsport.de/de/sportwelt/ergebnisse,2023-07-20,183,0
https://www.tanzsport.de/files/tanzsport/ergebnisse/2022/dc_under21std/index.htm,https://www.tanzsport.de/de/sportwelt/ergebnisse,2023-07-20,184,0
https://ltv-berlin.de/files/ltv/ergebnisse/2022/01-03_04_bdf/3-0204_rl_hgrslat/index.htm,https://www.tanzsport.de/de/sportwelt/ergebnisse,2023-07-20,185,0
https://www.tanzsport.de/files/tanzsport/ergebnisse/2022/dp_sen4sstd/index.htm,https://www.tanzsport.de/de/sportwelt/ergebnisse,2023-07-20,186,0
https://www.tanzsport.de/files/tanzsport/ergebnisse/2019/duesseldorf-hgrsstd/index.htm,https://www.tanzsport.de/de/sportwelt/ergebnisse,2023-07-20,187,0
https://www.tanzsport.de/files/tanzsport/ergebnisse/2019/05-19.WDSF.Open.Senior.I.Standard/index.htm,https://www.tanzsport.de/de/sportwelt/ergebnisse,2023-07-20,188,0
https://www.tanzsport.de/files/tanzsport/ergebnisse/2022/dp_hgr2slat/index.htm,https://www.tanzsport.de/de/sportwelt/ergebnisse,2023-07-20,189,0
https://www.tanzsport.de/files/tanzsport/ergebnisse/2019/GOC-WDSF.Open.Senior.I.Standard/index.htm,https://www.tanzsport.de/de/sportwelt/ergebnisse,2023-07-20,190,0
https://ergebnisse.tnw.de/vereine/912/2023-02-25/2-2602_rl_hgrslat/index.htm,https://www.tanzsport.de/de/sportwelt/ergebnisse,2023-07-20,191,0
https://www.tanzsport.de/files/tanzsport/ergebnisse/2019/dmsen2sstd/index.htm,https://www.tanzsport.de/de/sportwelt/ergebnisse,2023-07-20,192,0
https://berlin-dance-festival.de/files/bdf/results/2023/14-0204_wdsfopenstdyouth/index.htm,https://www.tanzsport.de/de/sportwelt/ergebnisse,2023-07-20,193,0
https://www.tanzsport.de/files/tanzsport/ergebnisse/2019/GOC-WDSF.Open.Senior.II.Standard/index.htm,https://www.tanzsport.de/de/sportwelt/ergebnisse,2023-07-20,194,0
https://www.tanzsport.de/files/tanzsport/ergebnisse/2019/dmjugastd/index.htm,https://www.tanzsport.de/de/sportwelt/ergebnisse,2023-07-20,195,0
https://ltv-berlin.de/files/ltv/ergebnisse/2022/01-03_04_bdf/4-0204_rl_jun2blat/index.htm,https://www.tanzsport.de/de/sportwelt/ergebnisse,2023-07-20,196,0
https://www.tanzsport.de/files/tanzsport/ergebnisse/2021/dm_jun2bstd/index.htm,https://www.tanzsport.de/de/sportwelt/ergebnisse,2023-07-20,197,0
https://www.tanzsport.de/files/tanzsport/ergebnisse/2019/om-jugalat/index.htm,https://www.tanzsport.de/de/sportwelt/ergebnisse,2023-07-20,198,0
https://www.tanzsport.de/files/tanzsport/ergebnisse/2019/05-19.WDSF.Open.Junior.II.Latin/index.htm,https://www.tanzsport.de/de/sportwelt/ergebnisse,2023-07-20,199,0
https://www.tanzsport.de/files/tanzsport/ergebnisse/2020/10-04.Deutschlandpokal.Hauptgruppe.II.S.Standard/index.htm,https://www.tanzsport.de/de/sportwelt/ergebnisse,2023-07-20,200,0
https://www.tanzsport.de/files/tanzsport/ergebnisse/2019/05-19.WDSF.International.Open.Adult.Latin/index.htm,https://www.tanzsport.de/de/sportwelt/ergebnisse,2023-07-20,201,0
https://www.tanzsport.de/files/tanzsport/ergebnisse/2023/dm_jugakombi/index.htm,https://www.tanzsport.de/de/sportwelt/ergebnisse,2023-07-20,202,0
https://ergebnisse.ggcbremen.de/2023-06-02.Dance.Sport.Festival/40-0306_wdsfopenlatyouth/index.htm,https://www.tanzsport.de/de/sportwelt/ergebnisse,2023-07-20,203,0
https://www.tanzsport.de/files/tanzsport/ergebnisse/2019/glinde-sen1sstd/index.htm,https://www.tanzsport.de/de/sportwelt/ergebnisse,2023-07-20,204,0
https://www.tanzsport.de/files/tanzsport/ergebnisse/2019/dpsen2slat/index.htm,https://www.tanzsport.de/de/sportwelt/ergebnisse,2023-07-20,205,0
https://www.tanzsport.de/files/tanzsport/ergebnisse/2022/dp_kinclat/index.htm,https://www.tanzsport.de/de/sportwelt/ergebnisse,2023-07-20,206,0
https://www.tanzsport.de/files/tanzsport/ergebnisse/2023/gl55_230422/index.htm,https://www.tanzsport.de/de/sportwelt/ergebnisse,2023-07-20,207,0
https://www.tanzsport.de/files/tanzsport/ergebnisse/2021/g55-2/index.htm,https://www.tanzsport.de/de/sportwelt/ergebnisse,2023-07-20,208,0
https://www.tanzsport.de/files/tanzsport/ergebnisse/2019/3le-hgrsstd/index.htm,https://www.tanzsport.de/de/sportwelt/ergebnisse,2023-07-20,209,0
https://www.tanzsport.de/files/tanzsport/ergebnisse/2019/nuernberg-sen3sstd/index.htm,https://www.tanzsport.de/de/sportwelt/ergebnisse,2023-07-20,210,0
https://www.tanzsport.de/files/tanzsport/ergebnisse/2020/10-03.Deutsche.Meisterschaft.Hauptgruppe.S.Latein/index.htm,https://www.tanzsport.de/de/sportwelt/ergebnisse,2023-07-20,211,0
https://www.tanzsport.de/files/tanzsport/ergebnisse/2019/dmhgrslat/index.htm,https://www.tanzsport.de/de/sportwelt/ergebnisse,2023-07-20,212,0
https://ergebnisse.dancecomp.de/2023/77-0207_wdsfworldopenstd/index.htm,https://www.tanzsport.de/de/sportwelt/ergebnisse,2023-07-20,213,0
https://www.tanzsport.de/files/tanzsport/ergebnisse/2021/dp_jun1blat/index.htm,https://www.tanzsport.de/de/sportwelt/ergebnisse,2023-07-20,214,0
https://www.hessen-tanzt.de/media/ht2023/66-1405_wdsfintopenlat/index.htm,https://www.tanzsport.de/de/sportwelt/ergebnisse,2023-07-20,215,0
https://www.hessen-tanzt.de/media/ht2022/40-1405_wdsfopenstdsen3/index.htm,https://www.tanzsport.de/de/sportwelt/ergebnisse,2023-07-20,216,0
https://www.tanzsport.de/files/tanzsport/ergebnisse/2021/dp_sen3sstd/index.htm,https://www.tanzsport.de/de/sportwelt/ergebnisse,2023-07-20,217,0
https://berlin-dance-festival.de/files/bdf/results/2023/6-0104_wdsfworldopenstd/index.htm,https://www.tanzsport.de/de/sportwelt/ergebnisse,2023-07-20,218,0
https://ltv-berlin.de/files/ltv/ergebnisse/2022/01-03_04_bdf/7-0304_rl_hgrsstd/index.htm,https://www.tanzsport.de/de/sportwelt/ergebnisse,2023-07-20,219,0
https://www.tanzsport.de/files/tanzsport/ergebnisse/2019/dpjun1bstd/index.htm,https://www.tanzsport.de/de/sportwelt/ergebnisse,2023-07-20,220,0
https://www.tanzsport.de/files/tanzsport/ergebnisse/2021/l66-endveranstaltung/index.htm,https://www.tanzsport.de/de/sportwelt/ergebnisse,2023-07-20,221,0
https://www.tanzsport.de/files/tanzsport/ergebnisse/2023/dm_hgrslat/index.htm,https://www.tanzsport.de/de/sportwelt/ergebnisse,2023-07-20,222,0
https://www.tanzsport.de/files/tanzsport/ergebnisse/2021/dm_jun2blat/index.htm,https://www.tanzsport.de/de/sportwelt/ergebnisse,2023-07-20,223,0
https://www.tanzsport.de/files/tanzsport/ergebnisse/2021/0910_rl_sen2sstd/index.htm,https://www.tanzsport.de/de/sportwelt/ergebnisse,2023-07-20,224,0
https://www.tanzsport.de/files/tanzsport/ergebnisse/2021/dm_jugalat/index.htm,https://www.tanzsport.de/de/sportwelt/ergebnisse,2023-07-20,225,0
https://ergebnisse.dancecomp.de/2022/43-0207_wdsfworldopenlat/index.htm,https://www.tanzsport.de/de/sportwelt/ergebnisse,2023-07-20,226,0
https://www.hessen-tanzt.de/media/ht2023/56-1305_wdsfopenlatyouth/index.htm,https://www.tanzsport.de/de/sportwelt/ergebnisse,2023-07-20,227,0
https://www.tanzsport.de/files/tanzsport/ergebnisse/2019/dmsen1sstd/index.htm,https://www.tanzsport.de/de/sportwelt/ergebnisse,2023-07-20,228,0
https://www.tanzsport.de/files/tanzsport/ergebnisse/2021/dm_hgrslat/index.htm,https://www.tanzsport.de/de/sportwelt/ergebnisse,2023-07-20,229,0
https://www.tanzsport.de/files/tanzsport/ergebnisse/2022/dm_sen1skombi/index.htm,https://www.tanzsport.de/de/sportwelt/ergebnisse,2023-07-20,230,0
https://www.tanzsport.de/files/tanzsport/ergebnisse/2019/dmjugakombi/index.htm,https://www.tanzsport.de/de/sportwelt/ergebnisse,2023-07-20,231,0
